DROP DATABASE `student_project_portal`;
CREATE DATABASE IF NOT EXISTS `student_project_portal`;
DROP TABLE IF EXISTS `student_project_portal`.`user`;
DROP TABLE IF EXISTS `student_project_portal`.`subject`;
DROP TABLE IF EXISTS `student_project_portal`.`assignment`;
DROP TABLE IF EXISTS `student_project_portal`.`class`;
DROP TABLE IF EXISTS `student_project_portal`.`class_student`;
DROP TABLE IF EXISTS `student_project_portal`.`project`;
DROP TABLE IF EXISTS `student_project_portal`.`milestone`;
DROP TABLE IF EXISTS `student_project_portal`.`project_member`;
DROP TABLE IF EXISTS `student_project_portal`.`subject_setting`;
DROP TABLE IF EXISTS `student_project_portal`.`system_setting`;
USE `student_project_portal`;
create table user
(
    id          int auto_increment
        primary key,
    updated_by  int                                                     null,
    avatar      varchar(500)                                            null,
    created_at  datetime(6)                                             null,
    created_by  int                                                     null,
    email       varchar(100)                                            not null,
    full_name   varchar(255)                                            not null,
    is_enable   tinyint(1) default 0                                    not null,
    is_verified tinyint(1) default 0                                    not null,
    note        varchar(255)                                            null,
    password    varchar(255)                                            not null,
    phone       varchar(10)                                             not null,
    role        enum ('ADMIN', 'LECTURE', 'STUDENT', 'SUBJECT_MANAGER') not null,
    token       varchar(255)                                            null,
    updated_at  datetime(6)                                             null,
    constraint UK_ob8kqyqqgmefl0aco34akdtpe
        unique (email)
);

create table subject
(
    id         int auto_increment
        primary key,
    code       varchar(6)           not null,
    created_at datetime(6)          null,
    is_enable  tinyint(1) default 1 not null,
    name       varchar(50)          not null,
    updated_at datetime(6)          null,
    updated_by int                  null,
    creator_id int                  not null,
    manager_id int                  not null,
    constraint UK_db5g1rfeug7aywnpb6gab85ep
        unique (code),
    constraint FKmnsjcss4kf1bjhcqd6wwoem3r
        foreign key (creator_id) references user (id),
    constraint FKnymjcv6wa4jysqsm7sw9trxiv
        foreign key (manager_id) references user (id)
);

create table assignment
(
    id          int auto_increment
        primary key,
    updated_by  int          null,
    created_at  datetime(6)  null,
    description varchar(255) null,
    title       varchar(100) not null,
    updated_at  datetime(6)  null,
    creator_id  int          not null,
    subject_id  int          not null,
    constraint FK80ahho21takmnctnwwd99uyes
        foreign key (creator_id) references user (id),
    constraint FKp1gsvxfhi4e5ek8pubhmnh6ol
        foreign key (subject_id) references subject (id)
);

create table class
(
    id         int auto_increment
        primary key,
    updated_by int          null,
    code       varchar(6)   not null,
    created_at datetime(6)  null,
    detail     varchar(255) null,
    updated_at datetime(6)  null,
    creator_id int          not null,
    manager_id int          not null,
    subject_id int          not null,
    status     tinyint      not null,
    semester   varchar(255) null,
    constraint UK_mtq71nmcpoqpxqvgklo7v06na
        unique (code),
    constraint FKe8femv4qxrc56ehlcuy5pdmew
        foreign key (manager_id) references user (id),
    constraint FKfvehqkaor8vakf9l4ed9p9c9r
        foreign key (creator_id) references user (id),
    constraint FKh0eyrgvqpfux7dvr8elhhdaf6
        foreign key (subject_id) references subject (id),
    check (`status` between 0 and 3)
);

create table class_student
(
    class_id   int not null,
    student_id int not null,
    primary key (class_id, student_id),
    constraint FK7sbm5g487ge9v25pyh8tvs8lg
        foreign key (student_id) references user (id),
    constraint FKgt5cku1apa8h7jdbr2np7emg8
        foreign key (class_id) references class (id)
);

create table project
(
    id           int auto_increment
        primary key,
    updated_by   int                  null,
    created_at   datetime(6)          null,
    created_by   int                  null,
    description  varchar(255)         null,
    group_name   varchar(255)         not null,
    is_active    tinyint(1) default 1 not null,
    project_name varchar(255)         not null,
    title        varchar(100)         not null,
    updated_at   datetime(6)          null,
    leader_id    int                  null,
    mentor_id    int                  not null,
    class_id     int                  not null,
    creator_id   int                  not null,
    constraint FKiw5kyt4ful6dvrcq3rmktwi98
        foreign key (leader_id) references user (id),
    constraint FKiw9vmsc1wi577iglgm2y1x5u
        foreign key (mentor_id) references user (id),
    constraint FKksdd9351hs2x48apxc9j3qs1i
        foreign key (class_id) references class (id),
    constraint FKoc22ltfbv8myeewvtm5j7q0dg
        foreign key (creator_id) references user (id)
);
create table milestone
(
    id         int auto_increment
        primary key,
    updated_by int         null,
    created_at datetime(6) null,
    created_by int         null,
    from_date  date        null,
    to_date    date        null,
    updated_at datetime(6) null,
    project_id int         not null,
    constraint FKc3o4jxeki21gqbpy8ejyxtnus
        foreign key (project_id) references project (id)
);

create table project_member
(
    user_id    int not null,
    project_id int not null,
    primary key (user_id, project_id),
    constraint FK103dwxad12nbaxtmnwus4eft2
        foreign key (project_id) references project (id),
    constraint FK6s59w9jalg0dperffu3ri91or
        foreign key (user_id) references user (id)
);

create table subject_setting
(
    id            int auto_increment
        primary key,
    updated_by    int                                                                 null,
    created_at    datetime(6)                                                         null,
    description   varchar(255)                                                        null,
    display_order tinyint                                                             not null,
    is_enable     tinyint(1) default 1                                                not null,
    name          varchar(20)                                                         not null,
    setting_group enum ('WORKLOADS', 'WORK_COMPLEXITY_LEVELS', 'WORK_QUALITY_LEVELS') not null,
    updated_at    datetime(6)                                                         null,
    creator_id    int                                                                 not null,
    subject_id    int                                                                 not null,
    constraint UKqpyrqukf922y3sclpeod125xg
        unique (setting_group, name),
    constraint FK3cn1si4toh141hps57a4tllks
        foreign key (creator_id) references user (id),
    constraint FKe2c0cr1iyuls138jgg70waqaj
        foreign key (subject_id) references subject (id)
);


create table system_setting
(
    id            int auto_increment
        primary key,
    updated_by    int                                                 null,
    created_at    datetime(6)                                         null,
    description   varchar(255)                                        null,
    display_order tinyint                                             not null,
    is_enable     tinyint(1) default 1                                not null,
    name          varchar(20)                                         not null,
    setting_group enum ('PERMITTED_EMAIL_DOMAIN', 'ROLE', 'SEMESTER') not null,
    updated_at    datetime(6)                                         null,
    creator_id    int                                                 not null,
    constraint UKlw5u3t2k2901g50sn6ofdw9h1
        unique (setting_group, name),
    constraint FKfi3pjk60aotubrsu4yndt6plx
        foreign key (creator_id) references user (id)
);

INSERT INTO `user`
VALUES (1, NULL, NULL, NULL, NULL, 'fay.allene@example.org', 'Zetta Stracke', 1, 1,
        'Incidunt voluptas recusandae enim amet optio consequatur. Harum consequuntur qui eligendi nesciunt aut cumque. Nobis rerum libero a ratione harum aut quo. Soluta hic velit est temporibus ducimus error. Assumenda aut esse quas nihil dicta sint labore.',
        'fef6232608338f073503de798dcdf68e0fe72704', '(08036) 40', 'STUDENT', NULL, NULL),
       (2, NULL, NULL, NULL, NULL, 'zoe39@example.com', 'Geovany Gutkowski', 0, 0,
        'Quis dolorum cumque sit cupiditate consequatur sit molestias. Ut doloribus rerum inventore.',
        '9e7b8dd0065c3514ce3d0d348d1e68046fe40cea', '0758600517', 'ADMIN', NULL, NULL),
       (3, NULL, NULL, NULL, NULL, 'bfay@example.net', 'Mr. Kacey McGlynn', 0, 0,
        'Consequatur qui assumenda dolore. Neque assumenda repellat voluptas molestiae sed beatae dolores autem. Quisquam porro qui aut non. Earum deserunt tempora corrupti animi voluptatum sed.',
        '0b5732e78945ca86302c590ff7417c21decff92c', '+44(0)5113', 'STUDENT', NULL, NULL),
       (4, NULL, NULL, NULL, NULL, 'qosinski@example.org', 'Jeremie Treutel', 0, 1,
        'Atque dicta adipisci voluptas quia. Ut neque praesentium fugit quia. Et et eveniet sequi dolore non error minima. Ea animi id aut dolores. Vitae unde rerum voluptatum animi cum natus.',
        '1d2b4ba2dfea80d19e99d54c89f4706b3e11a4a9', '+44(0)3850', 'ADMIN', NULL, NULL),
       (5, NULL, NULL, NULL, NULL, 'trevor.marquardt@example.com', 'Lina Durgan', 1, 0,
        'Nobis quis qui eveniet. Odit quia id quibusdam autem et et accusamus perspiciatis. Doloremque dolorum eius repudiandae. Ad quo consequuntur quia perferendis.',
        '1cb59d386a56d1ce511f95489a687f48efb8dd33', '06309 0222', 'STUDENT', NULL, NULL),
       (6, NULL, NULL, NULL, NULL, 'connie57@example.net', 'Miss Demetris Cummings DDS', 0, 1,
        'Molestias dolore asperiores sit tempora nobis. Exercitationem omnis eligendi velit placeat. Neque asperiores harum eum. Laboriosam non quia ut velit.',
        '89cbbbdc01daeffbe304d983fd458be7123714c9', '04081 4142', 'ADMIN', NULL, NULL),
       (7, NULL, NULL, NULL, NULL, 'wiza.otis@example.net', 'Freeman Hansen', 1, 1,
        'Praesentium delectus ab iure velit ipsum. Sint est qui et veritatis hic. Sit cum doloremque ad dolorem dignissimos.',
        '5d86c8fbc3e2147889d07aeda1b8c7fc78c58676', '0555632985', 'STUDENT', NULL, NULL),
       (8, NULL, NULL, NULL, NULL, 'chesley.adams@example.net', 'Peggie Turcotte Jr.', 0, 0,
        'Vel modi voluptates quis veritatis expedita. Dolores quos ut earum inventore quis. Ex quasi in temporibus aspernatur illo est et.',
        '614cabd7bfb114d156f94474460a0ba382a7f4b5', '+44(0)6684', 'ADMIN', NULL, NULL),
       (9, NULL, NULL, NULL, NULL, 'bo\'hara@example.com', 'Rylee Wuckert', 0, 0,
        'Repellat voluptatem quasi ut incidunt quia excepturi reiciendis. Corporis dolores neque sit quis quaerat fugit. Recusandae illo ut sunt est et sint aliquam omnis. Sapiente vel exercitationem ut sit magni optio perspiciatis illo.',
        '189927e86598224bb100896109be77116604a190', '0696308594', 'SUBJECT_MANAGER', NULL, NULL),
       (10, NULL, NULL, NULL, NULL, 'travon.mitchell@example.com', 'Ardella McDermott', 1, 1,
        'Aut quia autem eaque eos. Ipsum voluptas illo voluptate voluptatem ipsum. Tenetur harum tempore nam eos velit et. Perferendis voluptatibus velit necessitatibus velit numquam. Eaque tempora iste molestiae perferendis accusantium.',
        '5711083d67e3ec35334228c75fcc94630c8d223b', '0234465245', 'ADMIN', NULL, NULL),
       (11, NULL, NULL, NULL, NULL, 'mwehner@example.org', 'Vita Simonis', 1, 0,
        'Qui velit quo possimus rerum est. Aut soluta minus assumenda quos et maxime est. Aut dicta omnis sit.',
        '4044934e306f5c76476eb198a3d90487f5bde855', '05818 2921', 'ADMIN', NULL, NULL),
       (12, NULL, NULL, NULL, NULL, 'ugibson@example.com', 'Lucius Schmitt', 0, 0,
        'Optio quia quia dicta magni quos. Nam quis voluptatem harum voluptatem qui. Enim voluptatem quasi illum accusamus et itaque.',
        'd86bb02a292989360a896785cc88d99707588149', '(08705) 11', 'STUDENT', NULL, NULL),
       (13, NULL, NULL, NULL, NULL, 'brandyn.greenfelder@example.org', 'Ethelyn Effertz', 0, 1,
        'Voluptas perspiciatis quia omnis facere debitis beatae nobis. Quas aliquid quod molestias alias sequi.',
        '8b093c3c55703276b352b5737cceab97036aa709', '(02355) 14', 'ADMIN', NULL, NULL),
       (14, NULL, NULL, NULL, NULL, 'lorn@example.com', 'Prof. Alexane Lind', 0, 1,
        'Rerum explicabo ex voluptatem dolore. Sint esse magnam nihil sit officia. Consequatur sint asperiores cumque.',
        '9aed092a45f57733d5141b3473db47ddf3ebfca8', '0862863818', 'STUDENT', NULL, NULL),
       (15, NULL, NULL, NULL, NULL, 'wehner.raquel@example.net', 'Diego Macejkovic', 1, 1,
        'Magni distinctio illum aliquid sed dolor delectus optio non. Porro nisi vel deleniti sequi. Exercitationem reprehenderit voluptatem voluptatem.',
        'b67d8108b6cb476d8dba946cdac48415cde8958c', '+44(0)5796', 'ADMIN', NULL, NULL),
       (16, NULL, NULL, NULL, NULL, 'lowe.alfred@example.org', 'Mozelle Jast', 0, 0,
        'Possimus quasi vel adipisci quia rerum architecto. Placeat non et et blanditiis accusamus excepturi distinctio ut. Et possimus qui sequi eum corrupti vel. Voluptatem temporibus nulla non velit optio dolores.',
        'daed2b7f1da33bd3242bb7c2b54aa14c63084f90', '+44(0)5111', 'ADMIN', NULL, NULL),
       (17, NULL, NULL, NULL, NULL, 'naomi82@example.com', 'Dagmar Crona', 1, 1,
        'Incidunt exercitationem vel minima iusto laudantium minus et. Numquam quisquam sequi est aspernatur est aut sed. Fugiat eveniet assumenda sed.',
        '798d0836b2755a3c1d2134efaf3cf2654910c488', '05897 5209', 'LECTURE', NULL, NULL),
       (18, NULL, NULL, NULL, NULL, 'douglas.trisha@example.org', 'Dr. Dan McDermott DVM', 1, 1,
        'Quasi quidem inventore odit aspernatur est voluptatibus et. At optio molestiae harum fugit praesentium debitis. Qui corrupti beatae veritatis nam vitae saepe minus. Qui aut qui voluptatem rerum. Quod facere adipisci in velit ut natus.',
        '7b115b5a5f8a2c2c7edb05cdd8923e69f101a872', '(00277) 10', 'LECTURE', NULL, NULL),
       (19, NULL, NULL, NULL, NULL, 'jasen.rau@example.net', 'Dorris Kuhlman III', 0, 0,
        'Voluptas voluptatum dicta nam distinctio. Adipisci inventore quae corrupti dolore ut qui. Et dicta ducimus consequatur dolore mollitia et odio. Maiores voluptate sed ab magni consequuntur quia facilis.',
        '7e0f4bfcb666fcd5dfce880d072f5da62dd65d20', '03192 3299', 'LECTURE', NULL, NULL),
       (20, NULL, NULL, NULL, NULL, 'hackett.elwyn@example.net', 'Constantin Funk DDS', 1, 0,
        'Dolor aspernatur omnis voluptatem reiciendis tempora architecto recusandae. Esse earum nulla sit saepe libero qui. Ipsum commodi non sed ut.',
        '99033ee6c82ad4be15aa323554de0356e0a70720', '0180371685', 'ADMIN', NULL, NULL),
       (21, NULL, NULL, NULL, NULL, 'xwalker@example.org', 'Joelle Crist', 0, 1,
        'Ipsa recusandae cupiditate sint. Nam voluptatem magni necessitatibus corporis. Et perspiciatis deserunt et quas dicta. Ut quis iure dolores aperiam sit corporis.',
        'd68580a6b89289ec52313958ca8841d8ac843660', '0207082476', 'STUDENT', NULL, NULL),
       (22, NULL, NULL, NULL, NULL, 'carter.schuppe@example.com', 'Francisco Watsica', 0, 1,
        'Velit sunt libero laborum omnis rem autem. Omnis praesentium officiis fugiat omnis repellendus sit voluptatem. Hic nihil cupiditate accusantium velit omnis.',
        '3b36124e11b7e3294b4399a8d4600155866c4afa', '(03551) 42', 'SUBJECT_MANAGER', NULL, NULL),
       (23, NULL, NULL, NULL, NULL, 'crooks.mireille@example.com', 'Prof. Dudley Kemmer', 1, 1,
        'Sequi architecto autem quam sint excepturi qui. Saepe veritatis accusantium expedita eligendi. Occaecati cumque quia sunt placeat tempore sequi sequi. Ipsa nulla voluptatum et molestiae vero veniam necessitatibus.',
        'b1809bbc376d077035b9117418399d214ae2c99c', '0254488071', 'ADMIN', NULL, NULL),
       (24, NULL, NULL, NULL, NULL, 'alvena28@example.org', 'Miss Florida Witting', 0, 1,
        'Adipisci nam nemo molestiae accusamus. Voluptates voluptatem non sapiente repellat amet labore. Iusto quidem explicabo est inventore facilis. Soluta quia tempora nesciunt deleniti perspiciatis.',
        '41a81a19770c1920879268dbaab7696fb16b7534', '(05689) 10', 'SUBJECT_MANAGER', NULL, NULL),
       (25, NULL, NULL, NULL, NULL, 'okey.zulauf@example.net', 'Miss Delta Dickens I', 1, 1,
        'Perspiciatis quisquam quibusdam vel sit et eos. Ipsum nesciunt id distinctio asperiores. Beatae ut eos repudiandae qui officia. Veritatis modi facilis dolore quae est illum.',
        '3f3451bfdd6f80eedc8e5e2dd8e156ddced0ad01', '+44(0)6069', 'LECTURE', NULL, NULL),
       (26, NULL, NULL, NULL, NULL, 'barbara.tromp@example.com', 'Estevan Schroeder', 0, 0,
        'In reprehenderit et cupiditate explicabo quia. Sit a nihil omnis sequi. Amet alias dolor sunt sed aut omnis.',
        '96ca5443b93c28d57d460da228393980e314805b', '0803207493', 'ADMIN', NULL, NULL),
       (27, NULL, NULL, NULL, NULL, 'swolff@example.net', 'Dedric Olson', 0, 0,
        'Autem rerum magnam quas. Minima sapiente sint ut qui.', 'a0e585fcb317b8a3c1c3cdac97d52cabd6477610',
        '+44(0)6153', 'STUDENT', NULL, NULL),
       (28, NULL, NULL, NULL, NULL, 'lorn@example.net', 'Ms. Avis Kertzmann', 0, 0,
        'Aut reprehenderit ea optio deleniti quo qui. Dolor molestiae dolores doloribus voluptatem corrupti eum. Est consequatur dolorum soluta iusto. Et soluta dolor ratione sapiente ut. Voluptas illo ut aliquid consequuntur quam aliquid.',
        '2c90cd96693caa367509b3d67422a4deb685a4b6', '0058211752', 'ADMIN', NULL, NULL),
       (29, NULL, NULL, NULL, NULL, 'zkiehn@example.net', 'Norma Wilderman', 1, 1,
        'Qui in quam deserunt pariatur assumenda nihil. Cumque repudiandae eum illo ut dolores ducimus. Sapiente odio officiis iusto voluptas excepturi totam.',
        '08e4afb723b32adcd249c0aa794631c7ca9435ee', '0185827323', 'ADMIN', NULL, NULL),
       (30, NULL, NULL, NULL, NULL, 'felipa.murray@example.net', 'Osvaldo Kuhlman Jr.', 0, 0,
        'Libero id sit est esse recusandae accusamus. Tempore minima asperiores molestias quia. Sed facilis enim nihil aperiam. Enim laboriosam sed nihil quia sunt commodi assumenda aut.',
        'd776220c8121b3ff45a3f1d4a1574daf0c103135', '+44(0)8054', 'LECTURE', NULL, NULL),
       (31, NULL, NULL, NULL, NULL, 'elyssa21@example.org', 'Hank Greenholt', 1, 0,
        'Alias aut ut dolorem qui nam excepturi. Enim praesentium et neque. Voluptatum doloribus vero deserunt tenetur unde recusandae.',
        'efa87ac91e94533907cb9b2c41cc516d5662f8b2', '+44(0)1706', 'SUBJECT_MANAGER', NULL, NULL),
       (32, NULL, NULL, NULL, NULL, 'david.ernser@example.com', 'Jakob Leffler', 1, 0,
        'Aliquid facilis ducimus in itaque voluptatem officiis. Qui rerum a voluptas aut voluptatum ipsa placeat. Neque vel quia deleniti aspernatur ipsum enim aut earum. Deleniti a corporis molestiae expedita dolore sunt.',
        '2a77d46599e5d8c7295f61fd0c4cda5738aee1b8', '+44(0)1499', 'ADMIN', NULL, NULL),
       (33, NULL, NULL, NULL, NULL, 'aaliyah.glover@example.net', 'Reginald Langosh', 1, 1,
        'Debitis modi ad qui. Eius dolorem voluptas reiciendis. Harum incidunt culpa rerum culpa repellat pariatur.',
        '5d561f392af149fe8df9a348c3cd85189d28a5ba', '00088 3184', 'ADMIN', NULL, NULL),
       (34, NULL, NULL, NULL, NULL, 'jcasper@example.com', 'Jessica Grant MD', 0, 1,
        'Quo vitae ratione qui dolores. Ratione et veritatis vel voluptatem natus possimus. Sapiente voluptatem exercitationem totam modi.',
        '732f61797ff34323fd04d6bb4af71b040cae8e5f', '0302600483', 'SUBJECT_MANAGER', NULL, NULL),
       (35, NULL, NULL, NULL, NULL, 'mercedes.wyman@example.org', 'Else Leannon II', 0, 1,
        'Ratione et fugit harum id. Minus magnam perspiciatis rerum nihil placeat et molestias. Corrupti odit eius optio repellendus culpa odio dolor.',
        '159ce09f3b57a91ca44cda47225033dd90a9ecd0', '+44(0)3776', 'SUBJECT_MANAGER', NULL, NULL),
       (36, NULL, NULL, NULL, NULL, 'champlin.joanne@example.com', 'May Harris', 1, 0,
        'Autem non et eius assumenda facere vitae. Ratione totam sint doloribus. Nihil adipisci quo asperiores veniam eius quo.',
        '12d77fb291a859346f793ddc176832064ce22108', '05180 2136', 'LECTURE', NULL, NULL),
       (37, NULL, NULL, NULL, NULL, 'orland07@example.org', 'Dr. Rico Waelchi', 1, 1,
        'Incidunt minus corporis nisi enim deserunt et. Et minima sit adipisci incidunt nihil. Dolorum sed unde modi id illum. Laboriosam inventore reprehenderit et autem non.',
        'c5908ddc2e8ab0f30a1c5b8fc6df2b26268c4f19', '04746 7687', 'SUBJECT_MANAGER', NULL, NULL),
       (38, NULL, NULL, NULL, NULL, 'bernier.allison@example.org', 'Jessy Bahringer', 1, 1,
        'Autem praesentium maiores ad et. Officiis ipsa aut sed eos totam. Eos beatae numquam sequi aliquam in. Et praesentium dolorum assumenda nobis consectetur ut sed amet.',
        '04fdc9099fe244eeaf65b6285ee3731d1e19394e', '0716037770', 'STUDENT', NULL, NULL),
       (39, NULL, NULL, NULL, NULL, 'kuvalis.bert@example.net', 'Marie Herzog', 1, 0,
        'Est officia culpa neque nihil eaque cum. Enim aut temporibus deserunt. Perferendis consequatur blanditiis ut sint. Quia quaerat voluptatem excepturi mollitia sunt dolore.',
        'ccf3ac5241a3b7431e9de365098a8dee7981b59c', '0021366792', 'SUBJECT_MANAGER', NULL, NULL),
       (40, NULL, NULL, NULL, NULL, 'heaney.bailey@example.org', 'Felicity Heaney', 1, 1,
        'Aliquid autem corporis excepturi ut voluptatum vel voluptatum in. Excepturi quae voluptatem est. Est enim blanditiis dolor natus. Illum qui in nulla debitis. Quidem numquam mollitia odit id consequatur tempora.',
        'f62aa344f85e71854fcfcfc6f6295e420a4775f0', '+44(0)7879', 'STUDENT', NULL, NULL),
       (41, NULL, NULL, NULL, NULL, 'bpfeffer@example.org', 'Ms. Savanna Moore II', 0, 0,
        'Suscipit qui et vero aut nostrum. Repellendus consequuntur consequuntur sed quia. Et animi a dolorem consequatur maxime.',
        '93409cebcf2936a333c1d939244b4cd1e63a4a65', '09791 2751', 'SUBJECT_MANAGER', NULL, NULL),
       (42, NULL, NULL, NULL, NULL, 'berniece.becker@example.com', 'Emelie Torp', 1, 1,
        'Aut exercitationem qui blanditiis. Adipisci libero vel ipsum aut. Voluptates magnam corrupti laborum est saepe. Quia numquam et aliquam consequatur adipisci natus.',
        'eecf3cb8644c1f557f9b730644cf57ee1dd3c20d', '+44(0)4034', 'STUDENT', NULL, NULL),
       (43, NULL, NULL, NULL, NULL, 'krolfson@example.net', 'Pauline Goldner', 1, 1,
        'Harum vitae et et facere qui. Ut eos in magni ex qui. Ducimus ipsam est ipsum sed quia.',
        'f353505affef2b85d6d340b9f7bec963720eb7d5', '(07761) 08', 'SUBJECT_MANAGER', NULL, NULL),
       (44, NULL, NULL, NULL, NULL, 'anderson.margarett@example.org', 'Elvera Hills', 1, 0,
        'Velit et quis est neque sit dignissimos unde. Maxime ut nisi asperiores fugit. Dolores accusantium modi facilis laboriosam fugiat.',
        '4c05de45b4fae7e09800338861430dee3e73048b', '+44(0)0150', 'STUDENT', NULL, NULL),
       (45, NULL, NULL, NULL, NULL, 'annabelle16@example.net', 'Sid Senger', 1, 0,
        'Quia corrupti nihil ab voluptatem. Distinctio molestiae accusamus tenetur velit. Illum harum quis accusamus voluptates eius et. Debitis voluptatem tempora est sed non. Atque perspiciatis pariatur voluptas quae.',
        '8840ec15b169451ca53994d292de37c4a99f6a24', '07370 4421', 'SUBJECT_MANAGER', NULL, NULL),
       (46, NULL, NULL, NULL, NULL, 'turner93@example.com', 'Fredrick Bergstrom', 1, 1,
        'Qui est rem officia reprehenderit sit et velit. Rerum dolor eos eligendi ad architecto provident voluptatum. Aut nesciunt qui voluptatum nam quis. Aliquam doloribus qui est adipisci repellat nesciunt velit. Provident a asperiores perferendis suscipit ut i',
        'cfe041a569706553698f48adb9e077cec109941d', '+44(0)4914', 'SUBJECT_MANAGER', NULL, NULL),
       (47, NULL, NULL, NULL, NULL, 'vblick@example.com', 'Kurt Raynor', 0, 0,
        'Ea nesciunt velit sint enim assumenda autem quae. Et saepe dolorem ut ut qui tenetur. Quis quasi voluptas numquam corrupti sapiente est. Necessitatibus ea dolore fuga accusantium necessitatibus sequi. Quis minima placeat fugit.',
        'a9a6c7d8a4d733616ebac71ae85b9210f26898da', '+44(0)8292', 'SUBJECT_MANAGER', NULL, NULL),
       (48, NULL, NULL, NULL, NULL, 'milo.parisian@example.net', 'Dr. Cristobal Gusikowski', 0, 1,
        'Tenetur repudiandae exercitationem vel accusamus omnis voluptate. Et sint perferendis consequuntur. Eaque incidunt vel consequuntur aut rem eius nisi. Odio cupiditate dolores illo voluptate tempore aut. Voluptatem amet dolor ad adipisci aut vitae necessit',
        'cf0280d064f6d56ec52824a133849e6fbca14f52', '09172 9827', 'STUDENT', NULL, NULL),
       (49, NULL, NULL, NULL, NULL, 'muller.alfonzo@example.org', 'Ms. Anna Pacocha PhD', 1, 1,
        'Nam consequatur officiis non asperiores. Et nostrum voluptas similique qui laudantium saepe. Ut ut cupiditate voluptatibus commodi illo est.',
        'e3846e459c75b716a15a2addaf85a5d9f4bbb453', '0541814492', 'STUDENT', NULL, NULL),
       (50, NULL, NULL, NULL, NULL, 'ryan.annie@example.com', 'Efren Marks', 0, 0,
        'Delectus numquam eveniet nesciunt nulla quia. Ut quasi explicabo delectus id ut fuga repudiandae. A fugiat voluptatem inventore sit enim.',
        'dab99803ac812f27cffc6a56ffc5d372a20889f4', '00510 1815', 'SUBJECT_MANAGER', NULL, NULL),
       (51, NULL, NULL, NULL, NULL, 'leo.hermann@example.org', 'Delores McGlynn', 1, 1,
        'A doloribus qui asperiores laudantium distinctio consectetur voluptatem. Omnis vitae error tempore. Impedit animi iusto et vel. Magni qui aut quia ex alias voluptas. Error perferendis autem consectetur fuga tempora.',
        '623143d6855f411130871f61c3d692094d955ee7', '+44(0)6087', 'ADMIN', NULL, NULL),
       (52, NULL, NULL, NULL, NULL, 'mgutmann@example.org', 'Abagail Mueller', 0, 1,
        'Veritatis vel fugit accusamus at iusto. Iusto quas quae qui magni at. Corrupti et id aut doloribus nesciunt ex. Corporis quod perferendis et tenetur qui possimus nesciunt iure.',
        '391ce7390039013e1b961773cf1c6022fdd8e3fb', '0699124684', 'SUBJECT_MANAGER', NULL, NULL),
       (53, NULL, NULL, NULL, NULL, 'alisha95@example.com', 'Coty Toy DDS', 1, 1,
        'Facilis facilis cupiditate velit quisquam eligendi maxime quis. Perspiciatis qui fugiat et et. Hic nesciunt numquam voluptas non deserunt temporibus. Odit minus odit quo nam.',
        'e64ee8ac240817d29549b24fda50bf13a58d743d', '+44(0)4729', 'SUBJECT_MANAGER', NULL, NULL),
       (54, NULL, NULL, NULL, NULL, 'hickle.mylene@example.org', 'Rita Lubowitz', 0, 0,
        'Qui illum beatae voluptatem exercitationem qui. Nesciunt quaerat neque aut rem. Qui et sit repellat fugit esse harum.',
        '97a804e7499ce21f1aa0ef60d68778221e0d007e', '06886 4984', 'STUDENT', NULL, NULL),
       (55, NULL, NULL, NULL, NULL, 'jimmie.ankunding@example.net', 'Velda Johnson', 0, 0,
        'Dicta sit quos dolor. Reiciendis quae est cupiditate in. Sunt id velit dolores. Minus omnis commodi asperiores.',
        'e97497f479303e898dc5935931460fafae35118a', '02798 8417', 'ADMIN', NULL, NULL),
       (56, NULL, NULL, NULL, NULL, 'jshields@example.com', 'Miss Leanna Hoeger', 1, 1,
        'Quibusdam corrupti et officiis omnis. Ad quod sequi perspiciatis accusamus. Sit ut iste dicta consequatur.',
        'ab18cab00403b0ee24bb447408fdb8b2c8ea26d9', '+44(0)4489', 'LECTURE', NULL, NULL),
       (57, NULL, NULL, NULL, NULL, 'sdibbert@example.com', 'Sadie Quitzon', 1, 0,
        'Doloribus quis ut consequuntur eum exercitationem. Architecto quibusdam non voluptatem id dolore. Vel ea maxime est animi. Dignissimos et soluta omnis id dolores. Et impedit modi deleniti porro labore tenetur exercitationem deserunt.',
        '4e8a9c249fa78af0659a83f34a95541173d5cfda', '08621 8455', 'STUDENT', NULL, NULL),
       (58, NULL, NULL, NULL, NULL, 'chaya32@example.net', 'Maximillian Cruickshank Sr.', 1, 1,
        'Autem aut dolores aut veniam ut nisi quis animi. Quidem sed fuga minus eius ut. Provident blanditiis magni ut quos voluptatum temporibus.',
        '9f83972dce7961ba4d4c0dd77d24f742e90e54e0', '(02195) 31', 'LECTURE', NULL, NULL),
       (59, NULL, NULL, NULL, NULL, 'judd45@example.org', 'Dr. Brandyn Boehm DVM', 0, 1,
        'Eos aut itaque non assumenda neque amet aut. Ut sed consequatur et ipsa. Impedit aperiam et dolor molestiae voluptatum aperiam.',
        'd82e4f1aadeaa1b9e71986c9dd17d2d82827d0e4', '+44(0)8317', 'LECTURE', NULL, NULL),
       (60, NULL, NULL, NULL, NULL, 'dhermiston@example.com', 'Miss Kellie Collins PhD', 1, 0,
        'Sunt suscipit similique ut porro necessitatibus sint omnis. Reprehenderit expedita doloremque qui laudantium nobis dolorum. Qui repellat et alias et asperiores ipsam.',
        '956ecf1641a9227546b7f9b4a6cf67f4e1ccd36d', '09781 7210', 'LECTURE', NULL, NULL),
       (61, NULL, NULL, NULL, NULL, 'bschuppe@example.org', 'Rod Heller DDS', 1, 0,
        'Reiciendis ducimus quo magnam minima id porro. Rerum ex reprehenderit omnis itaque iste et. Est est at porro a.',
        '43b685a194c23eb1f24c6f998988c11b4726ea7b', '+44(0)7955', 'STUDENT', NULL, NULL),
       (62, NULL, NULL, NULL, NULL, 'gutkowski.kendra@example.com', 'Ole Sipes', 1, 1,
        'Exercitationem sunt ducimus enim dolorem. Accusamus et sequi mollitia corporis animi.',
        '3fe3c5ce34af32ad2972979c7f15e0d0a5ff6a7b', '03379 5281', 'LECTURE', NULL, NULL),
       (63, NULL, NULL, NULL, NULL, 'mclaughlin.rhianna@example.com', 'Maximo Howell', 1, 1,
        'Et modi et qui nemo est et incidunt nisi. Vel nihil tempora placeat sequi ut aliquam. Quia dolorum nam enim nisi. Rem et aliquid qui possimus. Quia et qui exercitationem mollitia.',
        '5527ef96c16a9cf5ba981a341cd22700c854945f', '02793 7826', 'STUDENT', NULL, NULL),
       (64, NULL, NULL, NULL, NULL, 'gertrude01@example.org', 'Prof. Mackenzie Schinner', 0, 1,
        'Fuga autem fugiat ut laboriosam enim laboriosam qui. In iste consequatur ipsam explicabo illo sunt. Est illo et deleniti animi.',
        'ed58b4e52f86561d38de81b2c4ef3400fe8208d9', '0720203702', 'STUDENT', NULL, NULL),
       (65, NULL, NULL, NULL, NULL, 'benjamin25@example.org', 'Caden Kirlin', 1, 0,
        'Est consequatur sequi qui perspiciatis. Facilis iusto ut qui quod expedita quam veritatis. At ut consectetur animi quo.',
        '863a8b72609c75679e2f41b92df4680b4414b643', '0150710831', 'LECTURE', NULL, NULL),
       (66, NULL, NULL, NULL, NULL, 'rohan.bo@example.com', 'Dr. Ashlynn Cruickshank MD', 1, 1,
        'Voluptas labore quia dolor delectus non est asperiores. Excepturi aperiam quia corporis nobis. Ut reiciendis doloremque et distinctio. Accusantium accusantium hic exercitationem modi.',
        '8e4bec5fdece0e865b8fb44bf833011e61add5b0', '+44(0)7897', 'SUBJECT_MANAGER', NULL, NULL),
       (67, NULL, NULL, NULL, NULL, 'raynor.chauncey@example.net', 'Dr. Mara Gislason', 0, 1,
        'Dolorum quisquam voluptates autem voluptas voluptas dicta aut id. Deserunt voluptatem omnis velit maiores. Aperiam quibusdam itaque quo excepturi nihil ut. Explicabo omnis sit et.',
        'fb025582a242bd68ab91b593f6456122bf8e5a23', '04108 8980', 'ADMIN', NULL, NULL),
       (68, NULL, NULL, NULL, NULL, 'bwiza@example.com', 'Mariana Hansen', 1, 1,
        'Amet quod qui animi enim repudiandae consequatur illum. Itaque mollitia et itaque nam omnis cumque. Aliquam assumenda laborum ut sunt deleniti adipisci sunt. Omnis necessitatibus ut ab earum quia natus. Qui fugiat ea vitae consequatur.',
        '5d01912205e3b18539803ff99a146073d36766b1', '0313471976', 'ADMIN', NULL, NULL),
       (69, NULL, NULL, NULL, NULL, 'bbins@example.com', 'Makayla Grimes', 1, 0,
        'Enim dolorem animi ab dolorum voluptas. Neque ut et officiis aut. Id voluptatibus non quidem praesentium in. Consequatur natus minima eos.',
        '6b147082b737c9abb214acb5c5bd6b4f8bc1249d', '04947 7426', 'LECTURE', NULL, NULL),
       (70, NULL, NULL, NULL, NULL, 'ewalter@example.org', 'Luz Rogahn', 0, 0,
        'Est alias fuga culpa doloribus odit. Vero autem iure excepturi beatae dolorem ut. Magni voluptas consequatur culpa cum.',
        'a3829255c0baef0862c048cc5472b4b55e0a67bb', '(09100) 56', 'LECTURE', NULL, NULL),
       (71, NULL, NULL, NULL, NULL, 'avis.schuppe@example.net', 'Dr. Jeanie Zboncak', 1, 0,
        'Consequuntur dolores similique odit et quia quia quia dolores. Dolore qui enim voluptates et nisi. Ut beatae et sunt possimus. Nulla sit quia ducimus deleniti enim quos dolorem.',
        '82a5f5c6f051356dc159f5c34e8e676caa275057', '+44(0)8670', 'LECTURE', NULL, NULL),
       (72, NULL, NULL, NULL, NULL, 'waelchi.shany@example.org', 'Kaleigh Pfannerstill', 0, 1,
        'Occaecati in deserunt consequuntur. Pariatur earum illum et dicta minima. Maxime recusandae sint odit quia sed. Porro excepturi est voluptate non in sint.',
        '7924fb1e806c710ac9acf9aa171b162f8a5c8273', '0948439610', 'SUBJECT_MANAGER', NULL, NULL),
       (73, NULL, NULL, NULL, NULL, 'axel79@example.com', 'Mr. Armand Corwin II', 1, 1,
        'Fuga enim quas nam laborum autem. Et enim ut tempore atque. Ut perspiciatis nihil vel beatae autem quam possimus. Veritatis cupiditate ut impedit et.',
        'f0ab5fd37a4912e9b431f7a7b0b6aeb6a4df5935', '+44(0)6737', 'STUDENT', NULL, NULL),
       (74, NULL, NULL, NULL, NULL, 'rowland61@example.net', 'Miss Mariana Gusikowski', 0, 0,
        'Eum placeat eveniet explicabo dolorem reiciendis quia illo cupiditate. Consequatur occaecati non qui architecto totam beatae. Voluptas veniam vitae quibusdam quo reiciendis. Ut vitae ab molestias maxime ipsum. Itaque quidem quo beatae ullam ducimus dolori',
        '40120350417baae8c1e60bf16cafdb57d3769d55', '(07787) 95', 'SUBJECT_MANAGER', NULL, NULL),
       (75, NULL, NULL, NULL, NULL, 'bjakubowski@example.com', 'Prof. Maxine Turcotte', 0, 1,
        'Tenetur magnam magni labore dolorem optio nesciunt. Illum numquam impedit odio sint. Aut fugiat aut laboriosam quia sit in. Doloremque similique et cumque eum a in. Itaque ab laborum amet quidem delectus corporis est quasi.',
        '110da2847189e87679fd5900f3cb7ca65ec4e764', '(04773) 67', 'STUDENT', NULL, NULL),
       (76, NULL, NULL, NULL, NULL, 'jacobi.carley@example.org', 'Deshawn Frami I', 1, 1,
        'Quae iusto expedita eveniet unde et. Aliquid doloribus inventore officiis necessitatibus. Ut rerum occaecati et ut neque voluptas. In quibusdam voluptas eum blanditiis.',
        '5fb1464a119370f0091e294cd631d5922dd45dd2', '+44(0)9841', 'ADMIN', NULL, NULL),
       (77, NULL, NULL, NULL, NULL, 'otilia.deckow@example.com', 'Robert Bergnaum', 0, 1,
        'Ducimus dicta ex unde dolorum. Sint et occaecati doloremque. Impedit sed quo veniam nesciunt assumenda.',
        '9490d8e9761edfe5fe1dcc7a8833db2252cc305d', '(03431) 42', 'ADMIN', NULL, NULL),
       (78, NULL, NULL, NULL, NULL, 'schowalter.kamryn@example.net', 'Derek Zboncak', 0, 0,
        'Quaerat non ut nulla ab. Tenetur molestiae et consequuntur cumque. Ullam quasi dicta molestiae totam perferendis quia. Rerum et impedit dolores itaque totam.',
        'c1104a489e9ea99e4ac9f959e0ac6be24ec1cefa', '(01836) 76', 'LECTURE', NULL, NULL),
       (79, NULL, NULL, NULL, NULL, 'parisian.elisa@example.net', 'Evert Ryan', 1, 0,
        'Voluptatem rerum cupiditate aut voluptatem. Rerum vel aut voluptas. Autem occaecati officia aut rerum dolor vitae.',
        '9ca9eb6655f58f711848d1f9d36cf72748c0a194', '+44(0)0974', 'ADMIN', NULL, NULL),
       (80, NULL, NULL, NULL, NULL, 'corine79@example.com', 'Rahul Wisozk III', 0, 0,
        'Repellat ex dolor non autem accusamus autem quis quis. Assumenda facilis saepe officiis quaerat non ut. Alias dolores assumenda ducimus error maxime et.',
        '6f1fdb2249301e6053e6e174e157a368179fded0', '+44(0)0538', 'LECTURE', NULL, NULL),
       (81, NULL, NULL, NULL, NULL, 'enikolaus@example.net', 'Mortimer Haley', 1, 1,
        'Corrupti quo quibusdam minus natus. Tempore voluptatem corporis dolor.',
        'b64e02597b48832e95d963b161a6869bbb6925ac', '(09906) 99', 'STUDENT', NULL, NULL),
       (82, NULL, NULL, NULL, NULL, 'khalil.walsh@example.net', 'Chelsea Moen DDS', 1, 1,
        'Repudiandae omnis sit voluptas sed et illum. Quos mollitia beatae nobis minus excepturi magni. Accusantium nesciunt vero repellat itaque nemo unde.',
        'd21733d7db22a0af4c1f9be6441a6844a719bcc2', '(01033) 17', 'STUDENT', NULL, NULL),
       (83, NULL, NULL, NULL, NULL, 'joanny87@example.com', 'Mrs. Frida Bahringer', 1, 0,
        'Explicabo id dolor soluta eum recusandae ea ratione. Aliquam ipsum repellat beatae expedita dignissimos. Aliquam nihil sed reiciendis. Harum ipsum consequatur voluptatem est sit quia possimus.',
        'a5f98d99be7e76943abee3350a72f1490824995e', '+44(0)3542', 'SUBJECT_MANAGER', NULL, NULL),
       (84, NULL, NULL, NULL, NULL, 'daniela.hackett@example.com', 'Kale Ferry MD', 0, 0,
        'Odit tempora voluptatem error dolorem dolores et aut asperiores. In expedita ea fugit non et libero. A debitis omnis quia et. Ut voluptate reprehenderit veniam velit distinctio perferendis error.',
        '04b0200f6a281964e352714b1ece0b9f18c8987d', '0949374125', 'STUDENT', NULL, NULL),
       (85, NULL, NULL, NULL, NULL, 'oral72@example.net', 'Emilia Nienow', 1, 0,
        'Sit fuga quaerat aliquam repellat qui non. Voluptas enim beatae quam perferendis tenetur error nisi. Illo consequuntur voluptas aspernatur ducimus ut quasi. Explicabo sit ut et iure ut laborum.',
        'ef27fa368bcfa878a553663a3e1511a4b954e01c', '+44(0)7619', 'ADMIN', NULL, NULL),
       (86, NULL, NULL, NULL, NULL, 'ywalker@example.net', 'Newell Nikolaus', 0, 1,
        'Ipsam eum et dicta quas et sunt sed perspiciatis. Non est voluptas eius non vel eligendi vel. Molestiae illo et iste quae. Quisquam quod autem accusantium ut fugiat praesentium et.',
        '5ae5fe0a85d6af915ed68edb17ea6d571f0b6192', '(07296) 37', 'LECTURE', NULL, NULL),
       (87, NULL, NULL, NULL, NULL, 'vella24@example.net', 'Deonte Prosacco I', 1, 0,
        'Quis laboriosam reiciendis ut itaque et. A odit error quos beatae autem. Quaerat consequatur recusandae optio similique.',
        'cc55c109d10e6959824c8dcf72a48871f1c67053', '+44(0)5731', 'SUBJECT_MANAGER', NULL, NULL),
       (88, NULL, NULL, NULL, NULL, 'wokuneva@example.org', 'Randi Adams', 0, 1,
        'Placeat eius ipsa dolorem dignissimos. Non dicta quis similique provident. Aut dolorem commodi voluptatibus cupiditate dicta. Et itaque dolorum in reiciendis iusto.',
        '1110384c62bed33056441618e2069b923f17b65a', '+44(0)9705', 'ADMIN', NULL, NULL),
       (89, NULL, NULL, NULL, NULL, 'iking@example.net', 'Quentin Howe Sr.', 0, 1,
        'Libero aut dolores ducimus voluptatum aut nihil. Laboriosam aspernatur autem culpa consequatur maiores illum. Et odio doloremque consequatur omnis adipisci dignissimos eius.',
        '3bdb584dd0934b32b2323d3ad26014f06f982446', '+44(0)3704', 'SUBJECT_MANAGER', NULL, NULL),
       (90, NULL, NULL, NULL, NULL, 'fay.eunice@example.org', 'Gideon Legros', 0, 0,
        'Voluptas voluptatem et saepe. Eum porro iste ut alias nulla sit quas. Eos consequatur earum odio hic dolores similique.',
        '9b3852acb24af2558c26bea3aba51c0a1e2f8fac', '06681 8997', 'ADMIN', NULL, NULL),
       (91, NULL, NULL, NULL, NULL, 'pbruen@example.org', 'Prof. Noble Bergstrom PhD', 1, 0,
        'Nulla et rerum laboriosam repellendus distinctio dolorem. Doloremque repudiandae ipsum vitae aut cupiditate. Praesentium velit et quasi quis maiores dolores et.',
        '593f8f9d11577ac6da8ac8a6f78e614bdd26e560', '(09683) 70', 'LECTURE', NULL, NULL),
       (92, NULL, NULL, NULL, NULL, 'nolan.allen@example.org', 'Mr. Kody Ankunding', 1, 1,
        'Facere eveniet autem et assumenda. Rerum maiores architecto repudiandae quo quia eum. Delectus aut totam quidem ex voluptatum. Eligendi quas nemo sint eveniet temporibus maxime nam.',
        '56649c920fd6efa4a20a75ace5df87e204aee1d0', '(04446) 56', 'STUDENT', NULL, NULL),
       (93, NULL, NULL, NULL, NULL, 'retha25@example.net', 'Eleanora Huel II', 0, 1,
        'Dolor consectetur sit voluptas officia quis. Minus natus eos expedita. Ea ipsum eum laboriosam.',
        '644228c550990ea0cd3043705b5266822e1320e3', '0795066074', 'SUBJECT_MANAGER', NULL, NULL),
       (94, NULL, NULL, NULL, NULL, 'sipes.dawson@example.net', 'Ronny Zemlak', 0, 1,
        'Quibusdam aut omnis voluptatem aspernatur quo. Nobis facilis doloribus est eius aliquam illum et maiores. Repellat aut iure amet minus. In repellat dolor quia voluptas dolorem.',
        '6fe1be9130a89af909c9a76096a568e45f5738fe', '0206133188', 'LECTURE', NULL, NULL),
       (95, NULL, NULL, NULL, NULL, 'olen37@example.org', 'Lera Moore', 0, 0,
        'Debitis possimus dolores labore perspiciatis. Quia omnis dolor eos aut. Temporibus voluptatibus sunt quis molestiae. Temporibus quia saepe nobis ipsum nulla.',
        'c419cc1c457a7676069a776625d57ea556cd7b37', '00115 2420', 'LECTURE', NULL, NULL),
       (96, NULL, NULL, NULL, NULL, 'sterry@example.org', 'Kade Harris', 0, 1,
        'Quia repellendus quia omnis eum quaerat esse modi. Facere voluptates assumenda ab tempora earum doloribus. At itaque quia quaerat numquam enim quis eos tenetur. Voluptas doloremque provident rem quibusdam.',
        '6a0ba9cd75724e6accad9287e308553f2422baa9', '(08523) 43', 'ADMIN', NULL, NULL),
       (97, NULL, NULL, NULL, NULL, 'boyle.coralie@example.net', 'Prof. Ines Johnson III', 0, 1,
        'Non quis quis hic dolores aut. Non quia quidem quia est porro. Facere ut et similique consequatur officiis alias aperiam. Beatae odit sunt dolorem ut alias.',
        'bb08d98df3fc260721279dd926257aafaa7cb20b', '0988671063', 'ADMIN', NULL, NULL),
       (98, NULL, NULL, NULL, NULL, 'jackson97@example.net', 'Miss Yazmin Herman I', 1, 0,
        'Quis voluptatum et nostrum iusto non. Qui perferendis accusantium atque in. Nam est molestias consequuntur necessitatibus. Ducimus quo mollitia culpa corrupti quis.',
        '1803605027acc53526c52bdd20123fd78820e251', '04923 0201', 'SUBJECT_MANAGER', NULL, NULL),
       (99, NULL, NULL, NULL, NULL, 'erosenbaum@example.com', 'Verna Rau', 1, 1,
        'Eius similique in voluptatibus qui exercitationem error porro. Vero nobis nihil recusandae praesentium dolores commodi. Quo voluptas blanditiis quo non reprehenderit accusantium ut.',
        'da007abbcdd19cf8aa2e2bc1876e4c242e96e6c6', '0773126005', 'STUDENT', NULL, NULL),
       (100, NULL, NULL, NULL, NULL, 'izaiah.funk@example.net', 'Guillermo Hamill III', 1, 1,
        'Provident recusandae impedit sint ratione commodi facere. Et quo ut sed praesentium saepe sit est. Quia reiciendis molestias maiores totam iusto eos alias. Ab minima blanditiis iste ab nihil omnis officia. Et a illo ut sapiente.',
        '8a064852cc4115739c480f8bfe4cc5744f53dfcd', '+44(0)2321', 'ADMIN', NULL, NULL),
       (101, NULL, NULL, NULL, NULL, 'terrill.beier@example.com', 'Dr. Kristian Wisozk', 0, 0,
        'Vel doloremque inventore eum corrupti. Quia omnis ut esse. Id dolorum minima ipsa officia laborum. Nemo deleniti ipsum et atque aut dolorem sunt nulla.',
        'd34111f435f3411ff87d1f1b840d4f611ab42c71', '0027266586', 'STUDENT', NULL, NULL),
       (102, NULL, NULL, NULL, NULL, 'pharris@example.com', 'Mr. Alexis Ferry IV', 1, 0,
        'Esse dolor et accusamus. Rerum omnis maxime cum labore dolorem fugit sed ea. Unde deleniti autem sunt mollitia.',
        '833722c9e2943a5af4dc69b17c50a8b19b475d7a', '01493 3606', 'SUBJECT_MANAGER', NULL, NULL),
       (103, NULL, NULL, NULL, NULL, 'cartwright.letha@example.net', 'Audrey Miller', 0, 1,
        'Ad quia veritatis eum aut praesentium rerum. Qui consectetur doloremque ut tempora rerum cupiditate. Vero in sint mollitia. Non aut quidem cum autem velit qui expedita.',
        '3cc53f30a3e7e125131869fa312f2b1a8ce7757d', '(06492) 48', 'SUBJECT_MANAGER', NULL, NULL),
       (104, NULL, NULL, NULL, NULL, 'bernhard.george@example.com', 'Justen Leffler', 1, 1,
        'Dolores aut at ea blanditiis velit sed aspernatur. Quo voluptatem quia voluptas maiores. Labore velit modi alias suscipit qui est nisi. Explicabo quo est quis minus cumque consequatur et. Quis dolores iusto debitis dolorem cupiditate corporis id.',
        'd5a38d96c2024a2f9d9e515cb96135159bce977d', '+44(0)3541', 'STUDENT', NULL, NULL),
       (105, NULL, NULL, NULL, NULL, 'cathryn09@example.net', 'Mr. Tito Jast DVM', 0, 1,
        'Perferendis veritatis et sapiente quasi. Quia qui dolor perferendis itaque. Sed mollitia molestiae autem. Sit voluptatem odit odit quam neque laudantium. Debitis porro recusandae porro ipsa.',
        '1b84545d29cbf62248df0c4c6fa04a12a2bdf771', '(00121) 49', 'ADMIN', NULL, NULL),
       (106, NULL, NULL, NULL, NULL, 'carolanne.baumbach@example.net', 'Orin Stanton', 0, 1,
        'Optio labore ad dolore quaerat eaque quia neque. Fugit quae sint ut aperiam. Possimus sed illum numquam blanditiis sed repudiandae enim voluptas.',
        '1f2d3eb27bd509d18dc429d2daab115504b38526', '09834 0723', 'LECTURE', NULL, NULL),
       (107, NULL, NULL, NULL, NULL, 'sgreenholt@example.net', 'Prof. Aaliyah Jerde', 1, 0,
        'Omnis alias quis ducimus inventore maxime dolor et. Nisi nobis sed iure iure hic ducimus voluptates. Distinctio ut deleniti ipsum nobis quisquam atque et. Amet ad perspiciatis doloremque hic.',
        '68b7d919fe1b9cd91a2daa38a9985e11d123aec4', '01545 8037', 'ADMIN', NULL, NULL),
       (108, NULL, NULL, NULL, NULL, 'arlo.price@example.net', 'Price Yost', 1, 1,
        'Aut molestiae sit ad sed quaerat maiores. Sit in necessitatibus et aliquid laudantium.',
        '93afd26e05691c14d5b6945d0f134c87c6afb2e6', '(04175) 44', 'ADMIN', NULL, NULL),
       (109, NULL, NULL, NULL, NULL, 'volkman.jayde@example.net', 'Reagan Keebler', 0, 0,
        'Totam soluta vel quisquam quae. Omnis soluta earum dolores exercitationem. Quod fuga aspernatur occaecati labore saepe.',
        '4114f5d14ddd962da7a3618d73ef39044a0d15de', '+44(0)8546', 'LECTURE', NULL, NULL),
       (110, NULL, NULL, NULL, NULL, 'howell.gina@example.com', 'Dr. Claudie Mills', 1, 0,
        'Voluptatem itaque deleniti optio ea in. Minima aspernatur totam facilis illo quis ullam aut. Magnam voluptate suscipit illum quos porro voluptatum. Dolores iusto deserunt est quisquam et et possimus.',
        '522fd2984e7f1a4d99794cd5376fa3dbd18300f0', '01408 5451', 'STUDENT', NULL, NULL),
       (111, NULL, NULL, NULL, NULL, 'o\'conner.dominic@example.net', 'Mrs. Ila Sauer', 0, 0,
        'Laborum accusantium id blanditiis et quae et. Est perferendis minus est ea qui. Laboriosam sunt repellat amet reiciendis quaerat ut dolorum. Quisquam non veniam ab velit doloremque illum.',
        'adc69fa9561052cc5b99d6f05850a760f0803a98', '0728841218', 'STUDENT', NULL, NULL),
       (112, NULL, NULL, NULL, NULL, 'lmills@example.com', 'Dr. Gaston Effertz Sr.', 0, 0,
        'Rerum aliquam consequatur ex. Corrupti quae et nam nihil doloribus hic. Recusandae hic minima ipsa corrupti.',
        'ec7dc5d09fc1725bbc38d5e89b2cdeacc657ed35', '+44(0)8339', 'SUBJECT_MANAGER', NULL, NULL),
       (113, NULL, NULL, NULL, NULL, 'hmurphy@example.org', 'Mr. Barrett Barrows', 0, 0,
        'Qui laborum amet qui. Rerum laboriosam ullam molestiae doloribus ipsa minima. Accusantium sit fuga deserunt.',
        '25aa7f9b8732a6d5d12b07c3050016a056326616', '02533 0883', 'SUBJECT_MANAGER', NULL, NULL),
       (114, NULL, NULL, NULL, NULL, 'claud.gusikowski@example.com', 'Luciano Gleichner', 1, 1,
        'Eum accusamus et molestiae voluptatem inventore. Atque libero velit id voluptatem et et dicta quod. Nisi quia cumque quia quo provident voluptatem.',
        'd51f35a8d37212931645d661ecf3a74dae33d14b', '0511915013', 'STUDENT', NULL, NULL),
       (115, NULL, NULL, NULL, NULL, 'sven02@example.org', 'Edison Osinski', 0, 0,
        'Sint aut voluptatem ut laboriosam molestiae quidem. Ut accusamus qui laudantium consequatur. Ut sint cumque et iusto ut quidem.',
        '56933b42e0e8c21b1158451e04649a078b340d13', '+44(0)8546', 'STUDENT', NULL, NULL),
       (116, NULL, NULL, NULL, NULL, 'eudora83@example.net', 'Jessyca Larson', 1, 0,
        'Ex eligendi ut harum animi. Molestias nihil distinctio natus doloribus quisquam numquam. Sint et ipsum harum quo. Exercitationem qui sint quo natus at dolorum error. Incidunt vitae officia accusamus quidem qui corrupti.',
        '93fb5bd1f86d318940dd976b0359af0e56ba4159', '+44(0)8167', 'LECTURE', NULL, NULL),
       (117, NULL, NULL, NULL, NULL, 'elfrieda94@example.com', 'Eileen Maggio', 1, 0,
        'Sed consequatur sunt dicta ut nostrum. Eveniet quis aperiam iure dolor. Et quia pariatur et impedit officiis qui at autem. Aliquid aut sint quisquam voluptates sunt rerum voluptate.',
        'c0014ff2b5937c6a0e1fa2130d27370859be1588', '+44(0)6591', 'SUBJECT_MANAGER', NULL, NULL),
       (118, NULL, NULL, NULL, NULL, 'edaugherty@example.org', 'Eldora Morissette PhD', 1, 1,
        'A consequatur voluptatem laborum quae quis tempore ad nobis. Sint sit repellat incidunt ex quis. Eveniet eos sapiente animi consequuntur molestias libero officia qui.',
        'a6b57f9e717363b920ef8eb4b5008712c78b36cf', '(05854) 91', 'ADMIN', NULL, NULL),
       (119, NULL, NULL, NULL, NULL, 'elton93@example.org', 'Sylvan Rutherford', 1, 0,
        'Voluptas voluptates labore tenetur itaque perspiciatis repudiandae repellat voluptatem. A qui quia earum ut sit. Autem provident sunt in dolorum dolore placeat omnis. Qui voluptatem animi consectetur dicta commodi quia.',
        '5b68167f762414aeb659cd598951f10e8a3d7906', '0767318552', 'SUBJECT_MANAGER', NULL, NULL),
       (120, NULL, NULL, NULL, NULL, 'white.ulices@example.org', 'Dr. Verla Wolff', 1, 1,
        'Enim ut possimus voluptatem amet dolores. Vitae aut iure sit pariatur voluptatibus corporis tempore. Quod voluptatem et qui. Porro et aliquid error quasi impedit.',
        '647fef4e84e2781f8cd4bb7cc7eb717c31c5b61a', '+44(0)1034', 'ADMIN', NULL, NULL);

INSERT INTO `system_setting`
VALUES (1, NULL, NULL,
        'Cumque illo quas fugit eum. Voluptates quis excepturi et consequatur non perspiciatis ut enim. Nemo recusandae eligendi blanditiis.',
        127, 0, 'et', 'ROLE', NULL, 1),
       (2, NULL, NULL, 'Aut odit sequi similique facere officiis ex voluptas omnis. Facilis qui pariatur consectetur.',
        127, 1, 'sapiente', 'PERMITTED_EMAIL_DOMAIN', NULL, 2),
       (3, NULL, NULL,
        'Et nisi deserunt accusantium et sit. Et molestias magnam occaecati et tenetur alias consectetur. Ipsum aut reiciendis accusantium repudiandae dolore. Doloribus aliquid tenetur sunt vitae repellat sed.',
        2, 1, 'unde', 'ROLE', NULL, 3),
       (4, NULL, NULL,
        'Vero sit ut illum amet sit eaque possimus. Omnis quo delectus architecto debitis. Temporibus minus et veniam sequi.',
        127, 0, 'unde', 'PERMITTED_EMAIL_DOMAIN', NULL, 4),
       (5, NULL, NULL,
        'Aperiam odio voluptas fugit eius qui rem dolores. Nesciunt accusamus laudantium qui quis et rerum quasi. Veniam reprehenderit consequatur cum. Omnis blanditiis praesentium quisquam fugiat beatae beatae consequatur animi.',
        127, 1, 'nisi', 'PERMITTED_EMAIL_DOMAIN', NULL, 5),
       (6, NULL, NULL,
        'Id nulla dolore repellat velit modi consequuntur. Facilis possimus repellat voluptatum illo voluptas dolore debitis. Quas laboriosam ut aut vitae aliquid.',
        127, 1, 'assumenda', 'ROLE', NULL, 6),
       (7, NULL, NULL,
        'Architecto veniam et ut perferendis delectus provident perferendis ut. Accusamus blanditiis totam illum sint temporibus aut atque. Velit at facere eum et magnam. Itaque est similique delectus. Maiores rerum error error quisquam.',
        0, 0, 'possimus', 'SEMESTER', NULL, 7),
       (8, NULL, NULL,
        'Eligendi eius sit provident aut. Ut laboriosam est ad inventore eum. Eos occaecati sunt nostrum cum laudantium porro est.',
        127, 0, 'voluptatibus', 'PERMITTED_EMAIL_DOMAIN', NULL, 8),
       (9, NULL, NULL,
        'Non in nesciunt architecto temporibus quia nam beatae. Ut fugiat sint facere odit id. Omnis iure rerum blanditiis quos voluptatem. Quidem vero nam neque aut perspiciatis est molestiae. Ab voluptatibus rerum qui.',
        6, 1, 'dolorum', 'PERMITTED_EMAIL_DOMAIN', NULL, 9),
       (10, NULL, NULL, 'Similique cumque reiciendis alias ab et et voluptatem. Qui explicabo dolor dicta.', 0, 0, 'et',
        'SEMESTER', NULL, 10);

INSERT INTO `subject`
VALUES (1, 'xxis', NULL, 1, 'expedita', NULL, NULL, 1, 38),
       (2, 'jhhg', NULL, 0, 'enim', NULL, NULL, 2, 79),
       (3, 'fhwx', NULL, 1, 'quae', NULL, NULL, 3, 17),
       (4, 'wysn', NULL, 0, 'architecto', NULL, NULL, 4, 74),
       (5, 'frlp', NULL, 1, 'dolore', NULL, NULL, 5, 106),
       (6, 'mpsw', NULL, 0, 'ut', NULL, NULL, 6, 22),
       (7, 'hbrw', NULL, 1, 'labore', NULL, NULL, 7, 72),
       (8, 'ihhe', NULL, 1, 'exercitationem', NULL, NULL, 8, 10),
       (9, 'xsof', NULL, 0, 'eaque', NULL, NULL, 9, 59),
       (10, 'kcxb', NULL, 0, 'ut', NULL, NULL, 10, 60),
       (11, 'zjeh', NULL, 1, 'sapiente', NULL, NULL, 11, 18),
       (12, 'fitx', NULL, 0, 'dolorem', NULL, NULL, 12, 26),
       (13, 'ynhd', NULL, 0, 'dolore', NULL, NULL, 13, 115),
       (14, 'wamd', NULL, 1, 'rerum', NULL, NULL, 14, 48),
       (15, 'itoa', NULL, 0, 'eveniet', NULL, NULL, 15, 33),
       (16, 'lffd', NULL, 1, 'quia', NULL, NULL, 16, 110),
       (17, 'syte', NULL, 1, 'atque', NULL, NULL, 17, 99),
       (18, 'tird', NULL, 1, 'eos', NULL, NULL, 18, 34),
       (19, 'umva', NULL, 0, 'ut', NULL, NULL, 19, 56),
       (20, 'ptvl', NULL, 1, 'illo', NULL, NULL, 20, 48);

INSERT INTO `class`
VALUES (1, NULL, 'xegv', NULL, NULL, NULL, 1, 1, 1, 0, 'gbsh'),
       (2, NULL, 'xvty', NULL, NULL, NULL, 2, 2, 2, 0, 'xypa'),
       (3, NULL, 'shpq', NULL, NULL, NULL, 3, 3, 3, 0, 'kqgn'),
       (4, NULL, 'vziu', NULL, NULL, NULL, 4, 4, 4, 0, 'vumi'),
       (5, NULL, 'wytz', NULL, NULL, NULL, 5, 5, 5, 0, 'seqd'),
       (6, NULL, 'hkpy', NULL, NULL, NULL, 6, 6, 6, 0, 'kvpq'),
       (7, NULL, 'wvud', NULL, NULL, NULL, 7, 7, 7, 0, 'phro'),
       (8, NULL, 'hhvs', NULL, NULL, NULL, 8, 8, 8, 0, 'ubvk'),
       (9, NULL, 'bztm', NULL, NULL, NULL, 9, 9, 9, 0, 'sfbo'),
       (10, NULL, 'jhqk', NULL, NULL, NULL, 10, 10, 10, 0, 'beuq'),
       (11, NULL, 'duvl', NULL, NULL, NULL, 11, 11, 11, 0, 'sovi'),
       (12, NULL, 'rchx', NULL, NULL, NULL, 12, 12, 12, 0, 'etlx'),
       (13, NULL, 'lchy', NULL, NULL, NULL, 13, 13, 13, 0, 'vhbn'),
       (14, NULL, 'zxmk', NULL, NULL, NULL, 14, 14, 14, 0, 'sqgi'),
       (15, NULL, 'nalx', NULL, NULL, NULL, 15, 15, 15, 0, 'zdcz'),
       (16, NULL, 'dxxe', NULL, NULL, NULL, 16, 16, 16, 0, 'mtcr'),
       (17, NULL, 'eqwq', NULL, NULL, NULL, 17, 17, 17, 0, 'yqmx'),
       (18, NULL, 'kkam', NULL, NULL, NULL, 18, 18, 18, 0, 'vyjy'),
       (19, NULL, 'ycpu', NULL, NULL, NULL, 19, 19, 19, 0, 'wjpj'),
       (20, NULL, 'mhwz', NULL, NULL, NULL, 20, 20, 20, 0, 'beis'),
       (21, NULL, 'ohld', NULL, NULL, NULL, 21, 21, 1, 0, 'woim'),
       (22, NULL, 'amxb', NULL, NULL, NULL, 22, 22, 2, 0, 'xhly'),
       (23, NULL, 'qqyb', NULL, NULL, NULL, 23, 23, 3, 0, 'pvew'),
       (24, NULL, 'clro', NULL, NULL, NULL, 24, 24, 4, 0, 'yhrv'),
       (25, NULL, 'tida', NULL, NULL, NULL, 25, 25, 5, 0, 'nzee'),
       (26, NULL, 'oasp', NULL, NULL, NULL, 26, 26, 6, 0, 'fvjv'),
       (27, NULL, 'xndc', NULL, NULL, NULL, 27, 27, 7, 0, 'mlrr'),
       (28, NULL, 'qiep', NULL, NULL, NULL, 28, 28, 8, 0, 'ojye'),
       (29, NULL, 'oien', NULL, NULL, NULL, 29, 29, 9, 0, 'dvrc'),
       (30, NULL, 'eslt', NULL, NULL, NULL, 30, 30, 10, 0, 'vepu'),
       (31, NULL, 'gsif', NULL, NULL, NULL, 31, 31, 11, 0, 'aiqt'),
       (32, NULL, 'teys', NULL, NULL, NULL, 32, 32, 12, 0, 'brdz'),
       (33, NULL, 'nzwy', NULL, NULL, NULL, 33, 33, 13, 0, 'cvcz'),
       (34, NULL, 'ifar', NULL, NULL, NULL, 34, 34, 14, 0, 'eniz'),
       (35, NULL, 'gaat', NULL, NULL, NULL, 35, 35, 15, 0, 'dcks'),
       (36, NULL, 'yyug', NULL, NULL, NULL, 36, 36, 16, 0, 'yikv'),
       (37, NULL, 'anwr', NULL, NULL, NULL, 37, 37, 17, 0, 'wdck'),
       (38, NULL, 'okgj', NULL, NULL, NULL, 38, 38, 18, 0, 'iuak'),
       (39, NULL, 'xvch', NULL, NULL, NULL, 39, 39, 19, 0, 'eeoh'),
       (40, NULL, 'dfzz', NULL, NULL, NULL, 40, 40, 20, 0, 'wmeo');

INSERT INTO `project`
VALUES (1, NULL, NULL, NULL,
        'Fuga voluptatem labore dicta vel voluptatem voluptatem sequi. Voluptatibus facilis aut rerum et quos. Dignissimos blanditiis minima nostrum est sed. Sint omnis voluptatem et excepturi.',
        'ad', 0, 'mollitia', 'Est odit dignissimos reprehenderit delectus nam omnis non aspernatur.', NULL, 1, 1, 1, 1),
       (2, NULL, NULL, NULL,
        'Modi corrupti officia molestiae tenetur nostrum dicta numquam nostrum. Dolore tempore occaecati fugiat doloremque. At aliquid aspernatur quod nisi quo.',
        'ab', 1, 'omnis', 'Et unde sapiente qui officiis est aut maxime.', NULL, 2, 2, 2, 2),
       (3, NULL, NULL, NULL,
        'Quos recusandae eos illo ipsam. Eum mollitia doloribus eos fugiat natus praesentium. Reiciendis ea est facilis harum itaque et sint quam.',
        'culpa', 0, 'ut', 'Et nulla atque aut ea.', NULL, 3, 3, 3, 3),
       (4, NULL, NULL, NULL,
        'Dolor soluta tempore doloremque praesentium dignissimos rem doloremque. Dolores ut numquam quo sunt nihil qui porro.',
        'id', 0, 'laudantium', 'Velit ducimus quia explicabo inventore possimus enim.', NULL, 4, 4, 4, 4),
       (5, NULL, NULL, NULL,
        'Totam corrupti quod nisi et et. Doloribus sunt eligendi ex ipsam reiciendis. Aliquid ducimus soluta aliquam delectus est. Aut molestiae voluptate sint quam quibusdam itaque. Quia id velit id maiores.',
        'nihil', 1, 'molestiae', 'Quasi ea quibusdam voluptate est ut nemo odio.', NULL, 5, 5, 5, 5),
       (6, NULL, NULL, NULL,
        'Et culpa et accusantium placeat. Aliquam sit error voluptatem sit consequatur qui. Omnis suscipit velit necessitatibus nemo. Debitis et aspernatur dolore sunt.',
        'non', 1, 'labore', 'Maiores maxime saepe voluptatum repellendus aspernatur error.', NULL, 6, 6, 6, 6),
       (7, NULL, NULL, NULL,
        'Ab est modi at. Nobis aut deleniti consequatur. Blanditiis voluptatem eligendi velit ut. Voluptas quia saepe quae ut atque.',
        'natus', 1, 'rem', 'Nobis qui repellendus est.', NULL, 7, 7, 7, 7),
       (8, NULL, NULL, NULL,
        'Vero sit eveniet iure rerum inventore dolorum voluptatem voluptatem. Est quisquam molestiae enim. Minus quos voluptate voluptatibus consectetur praesentium voluptate. Reiciendis et quidem culpa eos fuga aliquid.',
        'rerum', 0, 'iste', 'Veniam ut ab facilis et.', NULL, 8, 8, 8, 8),
       (9, NULL, NULL, NULL,
        'Sint qui fugit enim rerum. Sapiente labore architecto tempora voluptate cupiditate quibusdam sit. Et accusamus recusandae labore atque. Sed voluptatem est quia natus dolorum sint molestias.',
        'assumenda', 0, 'perferendis', 'Libero itaque consequuntur ut incidunt sequi at libero placeat.', NULL, 9, 9, 9,
        9),
       (10, NULL, NULL, NULL,
        'Et ut maiores quo repellendus occaecati. Suscipit voluptates nobis magni aliquam sunt officiis voluptatem sit. Sequi assumenda natus quo reiciendis. Dicta laborum deserunt adipisci pariatur. Doloribus nulla dolorem dignissimos accusantium animi.',
        'qui', 0, 'illo', 'Et quia non magnam ipsa.', NULL, 10, 10, 10, 10),
       (11, NULL, NULL, NULL,
        'Corrupti est libero fugiat illo. Iure iste omnis accusamus sed. Non consectetur debitis consequatur. Cumque necessitatibus velit voluptatem officiis quia.',
        'neque', 0, 'soluta', 'Mollitia corrupti nam expedita velit veniam eaque.', NULL, 11, 11, 11, 11),
       (12, NULL, NULL, NULL,
        'Eligendi quaerat inventore laborum reiciendis ea omnis. Deserunt modi dolorem libero rerum nostrum. Est sequi ut ipsum possimus in enim.',
        'quas', 0, 'tempore', 'Assumenda debitis rerum et dignissimos.', NULL, 12, 12, 12, 12),
       (13, NULL, NULL, NULL,
        'Nobis autem consectetur ex unde cum beatae sed. Saepe totam nesciunt consequatur et et molestiae. Ut reprehenderit nostrum repudiandae qui debitis qui ut. Tempore sunt est et itaque qui saepe ut.',
        'et', 0, 'nobis', 'Delectus necessitatibus dolor sapiente similique in at ut.', NULL, 13, 13, 13, 13),
       (14, NULL, NULL, NULL,
        'Error repudiandae qui ipsum ut dignissimos officiis officia repudiandae. Rerum temporibus itaque omnis quia. Tempora minus nostrum ut quo aspernatur et omnis consequatur. Dolorum quo doloribus dolorum fugiat.',
        'quo', 1, 'pariatur', 'Repellat expedita et laudantium assumenda veniam eius numquam.', NULL, 14, 14, 14, 14),
       (15, NULL, NULL, NULL,
        'Optio eligendi earum voluptatibus vel est velit necessitatibus. Quas debitis nulla voluptatem asperiores et minima vel. Omnis qui ipsa sit reiciendis. Velit non quis illum modi.',
        'sequi', 0, 'quasi', 'Nam sequi blanditiis culpa et cumque aut.', NULL, 15, 15, 15, 15),
       (16, NULL, NULL, NULL,
        'Nihil culpa enim eaque magni vero eaque consequuntur consequuntur. Tempore officia ut et distinctio iste temporibus nihil. Voluptas provident occaecati ad molestiae illo nihil. Omnis quidem in velit repudiandae earum officiis harum.',
        'inventore', 1, 'et', 'Autem ipsum fugiat facere sint pariatur suscipit et.', NULL, 16, 16, 16, 16),
       (17, NULL, NULL, NULL,
        'Qui exercitationem quas dicta eum sint rem impedit. Eum est est laboriosam quibusdam ipsum unde. Explicabo eos numquam quis quam. Vitae quae nisi ullam nobis.',
        'ratione', 1, 'autem', 'Qui amet in explicabo aut nihil in officia tenetur.', NULL, 17, 17, 17, 17),
       (18, NULL, NULL, NULL, 'Ea in quaerat officia a assumenda minima facere. Reprehenderit earum cumque dolor.',
        'consequatur', 1, 'vel', 'Ipsa consequatur excepturi minus beatae dolor necessitatibus quidem.', NULL, 18, 18,
        18, 18),
       (19, NULL, NULL, NULL,
        'Quos voluptas impedit exercitationem. Quod vitae ipsum dolor nobis molestiae non. Praesentium aut nesciunt nesciunt optio error ut perspiciatis vel. Officia autem officia sunt et et libero sunt.',
        'voluptatibus', 1, 'id', 'Iste velit veniam libero sit necessitatibus ut magni.', NULL, 19, 19, 19, 19),
       (20, NULL, NULL, NULL,
        'Ullam repudiandae ut autem fugit non. Laboriosam adipisci vero inventore et aut. Consectetur ut asperiores maiores et dolorem veniam. Vel dolor ut fugiat beatae officia autem.',
        'debitis', 0, 'magnam', 'Deserunt et voluptatem in quia sapiente.', NULL, 20, 20, 20, 20),
       (21, NULL, NULL, NULL, 'Architecto accusamus dignissimos ducimus qui. Ut eius qui eaque.', 'ut', 0,
        'perferendis', 'Et enim ex minima praesentium numquam.', NULL, 21, 21, 21, 21),
       (22, NULL, NULL, NULL,
        'Mollitia tenetur ut deleniti sint. Dolorem sapiente velit animi. Eaque eum sapiente tempora minus est magni quibusdam. Doloribus dolorum alias praesentium voluptatem quo eum corporis.',
        'provident', 0, 'labore', 'Quaerat aperiam unde in sunt.', NULL, 22, 22, 22, 22),
       (23, NULL, NULL, NULL,
        'Eum ut voluptatibus aspernatur impedit sed occaecati consequatur ducimus. Qui necessitatibus quia eos. Quidem qui omnis nesciunt. Consequuntur repudiandae error ullam dolores odio sit ad.',
        'et', 1, 'minus', 'Tempora occaecati ratione et.', NULL, 23, 23, 23, 23),
       (24, NULL, NULL, NULL,
        'Rem voluptatem fuga ut et qui. Eaque consequatur aut vitae qui qui dolorem cumque. Id asperiores debitis eligendi porro est non voluptate.',
        'sint', 0, 'deleniti', 'Eveniet temporibus iure mollitia sint hic.', NULL, 24, 24, 24, 24),
       (25, NULL, NULL, NULL,
        'Velit harum alias architecto assumenda. Ut quaerat minus occaecati sit. Tenetur eligendi in qui sunt voluptatem sit.',
        'architecto', 1, 'aliquid', 'Temporibus expedita adipisci incidunt pariatur est voluptatibus autem.', NULL, 25,
        25, 25, 25),
       (26, NULL, NULL, NULL,
        'Excepturi sit modi nobis ea ut similique at. Harum cum ab incidunt totam ut. Sapiente dicta similique dolore consequuntur. Laborum voluptas fugiat sint sed a quae.',
        'sit', 0, 'magnam', 'Dolorum nemo aut at sequi ut tempore laudantium.', NULL, 26, 26, 26, 26),
       (27, NULL, NULL, NULL,
        'Et amet dolores qui similique. Eaque velit maiores fuga velit sed aut consequatur nulla. Error praesentium quo culpa et. Amet est voluptas officia corporis commodi et et distinctio.',
        'quos', 1, 'debitis', 'Id dolores nemo sunt ut qui.', NULL, 27, 27, 27, 27),
       (28, NULL, NULL, NULL,
        'Quod dolorem quos ducimus iusto perspiciatis. Quis cum sunt neque tempora officiis qui. Tenetur nihil blanditiis facilis molestias.',
        'quibusdam', 1, 'vitae', 'Aliquid ullam inventore aut officia.', NULL, 28, 28, 28, 28),
       (29, NULL, NULL, NULL,
        'Explicabo ratione id nam aut ut. Magni id beatae consequatur deleniti ut. Quibusdam mollitia quo debitis nemo qui voluptas doloribus.',
        'magni', 0, 'consequuntur', 'Explicabo voluptatem tempora sint non quibusdam enim qui in.', NULL, 29, 29, 29,
        29),
       (30, NULL, NULL, NULL,
        'Quis fugit doloremque et. In tempore vero nihil odit. Accusamus nihil ab consequuntur labore voluptates. Fugiat qui sunt reiciendis ipsa. Sit sunt sed doloremque voluptatibus est unde numquam.',
        'et', 1, 'sed', 'Rem quidem qui inventore aut odio labore.', NULL, 30, 30, 30, 30);

INSERT INTO `class_student`
VALUES (1, 1),
       (1, 41),
       (1, 81),
       (2, 2),
       (2, 42),
       (2, 82),
       (3, 3),
       (3, 43),
       (3, 83),
       (4, 4),
       (4, 44),
       (4, 84),
       (5, 5),
       (5, 45),
       (5, 85),
       (6, 6),
       (6, 46),
       (6, 86),
       (7, 7),
       (7, 47),
       (7, 87),
       (8, 8),
       (8, 48),
       (8, 88),
       (9, 9),
       (9, 49),
       (9, 89),
       (10, 10),
       (10, 50),
       (10, 90),
       (11, 11),
       (11, 51),
       (11, 91),
       (12, 12),
       (12, 52),
       (12, 92),
       (13, 13),
       (13, 53),
       (13, 93),
       (14, 14),
       (14, 54),
       (14, 94),
       (15, 15),
       (15, 55),
       (15, 95),
       (16, 16),
       (16, 56),
       (16, 96),
       (17, 17),
       (17, 57),
       (17, 97),
       (18, 18),
       (18, 58),
       (18, 98),
       (19, 19),
       (19, 59),
       (19, 99),
       (20, 20),
       (20, 60),
       (20, 100),
       (21, 21),
       (21, 61),
       (21, 101),
       (22, 22),
       (22, 62),
       (22, 102),
       (23, 23),
       (23, 63),
       (23, 103),
       (24, 24),
       (24, 64),
       (24, 104),
       (25, 25),
       (25, 65),
       (25, 105),
       (26, 26),
       (26, 66),
       (26, 106),
       (27, 27),
       (27, 67),
       (27, 107),
       (28, 28),
       (28, 68),
       (28, 108),
       (29, 29),
       (29, 69),
       (29, 109),
       (30, 30),
       (30, 70),
       (30, 110),
       (31, 31),
       (31, 71),
       (31, 111),
       (32, 32),
       (32, 72),
       (32, 112),
       (33, 33),
       (33, 73),
       (33, 113),
       (34, 34),
       (34, 74),
       (34, 114),
       (35, 35),
       (35, 75),
       (35, 115),
       (36, 36),
       (36, 76),
       (36, 116),
       (37, 37),
       (37, 77),
       (37, 117),
       (38, 38),
       (38, 78),
       (38, 118),
       (39, 39),
       (39, 79),
       (39, 119),
       (40, 40),
       (40, 80),
       (40, 120);

INSERT INTO `project_member`
VALUES (1, 1),
       (2, 2),
       (3, 3),
       (4, 4),
       (5, 5),
       (6, 6),
       (7, 7),
       (8, 8),
       (9, 9),
       (10, 10),
       (11, 11),
       (12, 12),
       (13, 13),
       (14, 14),
       (15, 15),
       (16, 16),
       (17, 17),
       (18, 18),
       (19, 19),
       (20, 20),
       (21, 21),
       (22, 22),
       (23, 23),
       (24, 24),
       (25, 25),
       (26, 26),
       (27, 27),
       (28, 28),
       (29, 29),
       (30, 30),
       (31, 1),
       (32, 2),
       (33, 3),
       (34, 4),
       (35, 5),
       (36, 6),
       (37, 7),
       (38, 8),
       (39, 9),
       (40, 10),
       (41, 11),
       (42, 12),
       (43, 13),
       (44, 14),
       (45, 15),
       (46, 16),
       (47, 17),
       (48, 18),
       (49, 19),
       (50, 20),
       (51, 21),
       (52, 22),
       (53, 23),
       (54, 24),
       (55, 25),
       (56, 26),
       (57, 27),
       (58, 28),
       (59, 29),
       (60, 30),
       (61, 1),
       (62, 2),
       (63, 3),
       (64, 4),
       (65, 5),
       (66, 6),
       (67, 7),
       (68, 8),
       (69, 9),
       (70, 10),
       (71, 11),
       (72, 12),
       (73, 13),
       (74, 14),
       (75, 15),
       (76, 16),
       (77, 17),
       (78, 18),
       (79, 19),
       (80, 20),
       (81, 21),
       (82, 22),
       (83, 23),
       (84, 24),
       (85, 25),
       (86, 26),
       (87, 27),
       (88, 28),
       (89, 29),
       (90, 30),
       (91, 1),
       (92, 2),
       (93, 3),
       (94, 4),
       (95, 5),
       (96, 6),
       (97, 7),
       (98, 8),
       (99, 9),
       (100, 10),
       (101, 11),
       (102, 12),
       (103, 13),
       (104, 14),
       (105, 15),
       (106, 16),
       (107, 17),
       (108, 18),
       (109, 19),
       (110, 20),
       (111, 21),
       (112, 22),
       (113, 23),
       (114, 24),
       (115, 25),
       (116, 26),
       (117, 27),
       (118, 28),
       (119, 29),
       (120, 30);
select *
from student_project_portal.user;
insert into student_project_portal.user (  email, full_name, is_enable,
                                           is_verified, password, phone, role)
values (
           'lecture@gmail.com', 'lecture', 1, 1, '$2a$10$AHKAiw7p.4uhY0rWoTPAY.Vgw2qalVBhwqIODck4Ft.GQrAHwPswu', '020939203', 'LECTURE'
       );
select *
from project;